cell_barcode,donor_id,n_genes_detected,n_umi_counts,pct_mito,pct_ribo,doublet_score,passed_qc,cell_type_predicted,cell_type_confidence,cluster_id,harmony_1,harmony_2,umap_1,umap_2,beta_marker_ins,beta_marker_pdx1,alpha_marker_gcg,delta_marker_sst,ductal_marker_krt19,dataset_version,qc_pipeline_version
HPAP002_AAACCTGAGCATCATC,HPAP-002,2341,8920,3.2,12.4,0.08,True,beta,0.97,-0.2314,1.2301,2.3412,1.8932,5.21,4.87,0.12,0.08,0.11,v2.1,qc-scrna-v3.1
HPAP002_AAACCTGCAAGGCTTT,HPAP-002,1987,6840,4.1,10.2,0.11,True,alpha,0.94,-1.4521,-2.1034,-3.2140,-1.9823,0.09,0.11,4.93,0.14,0.07,v2.1,qc-scrna-v3.1
HPAP002_AAACCTGCATACTCTG,HPAP-002,2102,7560,2.8,11.8,0.06,True,beta,0.95,-0.3120,1.1240,2.1033,1.7641,4.98,4.71,0.10,0.09,0.08,v2.1,qc-scrna-v3.1
HPAP002_AAACCTGCATGTCTAG,HPAP-002,1543,5210,5.6,9.3,0.21,False,unknown,0.42,NA,NA,NA,NA,NA,NA,NA,NA,NA,v2.1,qc-scrna-v3.1
HPAP002_AAACCTGGTCAATGTC,HPAP-002,2445,9120,1.9,13.1,0.05,True,delta,0.91,2.3401,-0.8710,-1.0231,3.4120,0.07,0.06,0.11,4.62,0.09,v2.1,qc-scrna-v3.1
HPAP007_AACCGCGAGACTGTAA,HPAP-007,2218,8140,3.5,11.6,0.09,True,beta,0.96,-0.1923,1.3012,2.4501,2.0112,5.08,4.62,0.09,0.11,0.06,v2.1,qc-scrna-v3.1
HPAP007_AACCGCGAGTAGCGGT,HPAP-007,1876,6320,4.8,10.9,0.14,True,ductal,0.88,3.8201,2.4130,4.1023,0.8231,0.04,0.05,0.07,0.06,4.41,v2.1,qc-scrna-v3.1
HPAP007_AACCGCGATCGCCTGT,HPAP-007,2389,9340,2.4,12.7,0.07,True,alpha,0.93,-1.5612,-2.0341,-3.1240,-1.8730,0.08,0.10,4.88,0.13,0.05,v2.1,qc-scrna-v3.1
HPAP011_AACGTTGAGCGATTCT,HPAP-011,2567,9870,1.7,14.2,0.04,True,beta,0.98,-0.2801,1.4120,2.5310,2.1034,5.34,5.01,0.08,0.07,0.09,v2.1,qc-scrna-v3.1
HPAP011_AACGTTGAGTAAGTAC,HPAP-011,2041,7210,3.9,10.4,0.12,True,delta,0.89,2.4512,-0.9021,-0.9812,3.5241,0.06,0.07,0.10,4.71,0.08,v2.1,qc-scrna-v3.1
HPAP015_AAGACCTAGGGAGTAA,HPAP-015,1932,6740,4.3,9.8,0.15,True,alpha,0.92,-1.4801,-1.9830,-3.0120,-1.8012,0.11,0.09,4.76,0.12,0.06,v2.1,qc-scrna-v3.1
HPAP015_AAGACCTCAAGTAATG,HPAP-015,2284,8520,2.6,12.3,0.07,True,beta,0.95,-0.3012,1.2840,2.3801,1.9420,5.12,4.79,0.10,0.08,0.07,v2.1,qc-scrna-v3.1
HPAP021_AAGCAAGAGCTAGTGG,HPAP-021,2198,8030,3.1,11.4,0.10,True,beta,0.94,-0.2210,1.2401,2.2934,1.8621,4.94,4.58,0.11,0.09,0.10,v2.1,qc-scrna-v3.1
HPAP028_AAGCAAGAGTATCTGC,HPAP-028,2450,9230,2.1,13.0,0.06,True,beta,0.97,-0.1840,1.3512,2.4812,2.0341,5.28,4.94,0.09,0.08,0.07,v2.1,qc-scrna-v3.1
HPAP028_AAGCAAGCAATGTTGC,HPAP-028,1789,5980,5.2,9.1,0.23,False,unknown,0.38,NA,NA,NA,NA,NA,NA,NA,NA,NA,v2.1,qc-scrna-v3.1
HPAP033_AAGCCGCAGCGATCCC,HPAP-033,2312,8680,2.9,12.1,0.08,True,ductal,0.87,3.9012,2.5201,4.2140,0.9012,0.05,0.06,0.08,0.07,4.53,v2.1,qc-scrna-v3.1
HPAP039_AAGCCGCCAATGTAAG,HPAP-039,2134,7820,3.6,10.7,0.11,True,alpha,0.91,-1.5023,-2.1012,-3.1834,-1.9120,0.10,0.12,4.81,0.11,0.06,v2.1,qc-scrna-v3.1
HPAP044_AAGCCGCGTACAGACG,HPAP-044,2391,9010,2.2,12.8,0.06,True,beta,0.96,-0.2534,1.3241,2.4023,1.9831,5.19,4.83,0.09,0.08,0.08,v2.1,qc-scrna-v3.1
HPAP049_AAGCGAGCAAACAACA,HPAP-049,2267,8410,3.0,11.9,0.09,True,beta,0.95,-0.2812,1.2934,2.3512,1.9012,5.03,4.69,0.10,0.09,0.09,v2.1,qc-scrna-v3.1
HPAP049_AAGCGAGCAGCTCGCA,HPAP-049,1901,6580,4.5,10.1,0.17,True,delta,0.86,2.3801,-0.8912,-1.0012,3.4830,0.08,0.07,0.09,4.58,0.07,v2.1,qc-scrna-v3.1
